Emp ID,Gender,E Mail,Date of Birth,Time of Birth,Age in Yrs.,Weight in Kgs.,Age in Company (Years),Salary,Last % Hike,SSN,Phone No. ,Place Name,County,City,State,Zip,Region,User Name,Password
677509,F,lois.walker@hotmail.com,3/29/1981,2:31:49 AM,36.36,60,13.68,168251,21%,467-99-4677,303-572-8492,Denver,Denver,Denver,CO,80224,West,lhwalker,DCa}.T}X:v?NP
940761,F,brenda.robinson@gmail.com,7/31/1970,12:13:27 PM,47.02,60,9.01,51063,27%,537-71-4566,225-945-4954,Stonewall,De Soto,Stonewall,LA,71078,South,bsrobinson,TCo\j#Zg;SQ~o
428945,M,joe.robinson@gmail.com,6/16/1963,10:45:36 AM,54.15,68,0.98,50155,16%,025-92-3584,219-904-2161,Michigantown,Clinton,Michigantown,IN,46057,Midwest,jwrobinson,GO4$J8MiEh[A
408351,F,diane.evans@yahoo.com,12/4/1977,2:18:45 AM,39.67,51,18.3,180294,1%,314-35-9851,215-793-6791,Hydetown,Crawford,Hydetown,PA,16328,Northeast,dievans,0gGRtp1HfL<r5
193819,M,benjamin.russell@charter.net,4/17/1977,5:41:11 PM,40.31,58,4.01,117642,13%,121-98-7248,262-404-2252,Fremont,Waupaca,Fremont,WI,54940,Midwest,brrussell,Rd<Y8cp!@R;*%F
499687,M,patrick.bailey@aol.com,9/27/1982,1:12:41 PM,34.86,58,12.02,72305,5%,439-99-7721,319-812-6957,Macksburg,Madison,Macksburg,IA,50155,Midwest,pfbailey,K7&5aY/*
539712,F,nancy.baker@bp.com,6/13/1995,8:56:32 PM,22.14,50,0.87,98189,0%,641-29-2071,229-336-5117,Atlanta,Fulton,Atlanta,GA,30334,South,ntbaker,xJdKlAcYQhT_BE#
380086,F,carol.murphy@gmail.com,6/30/1958,10:39:33 AM,59.12,40,34.52,60918,20%,423-67-7023,216-336-0009,Blanchester,Clinton,Blanchester,OH,45107,Midwest,cvmurphy,Uc+VG%vuZU<k
477616,F,frances.young@gmail.com,6/9/1959,4:38:47 PM,58.18,42,23.27,121587,28%,028-92-8912,210-819-9765,Delmita,Starr,Delmita,TX,78536,South,fbyoung,K}^USc0l7[A
162402,F,diana.peterson@hotmail.co.uk,11/13/1987,3:59:26 AM,29.73,60,3.44,43010,4%,512-33-6767,479-783-5656,Eureka Springs,Carroll,Eureka Springs,AR,72632,South,dtpeterson,3o8>v&tYxjyEAo
231469,M,ralph.flores@yahoo.com,2/5/1975,2:15:50 AM,42.5,80,8.29,118457,8%,302-15-0130,316-280-2864,Sabetha,Nemaha,Sabetha,KS,66534,Midwest,rlflores,7tP\LrSr}\qTqj
153989,M,jack.alexander@gmail.com,5/19/1995,4:33:57 PM,22.21,61,0.56,82965,23%,428-99-9413,702-603-3769,Las Vegas,Clark,Las Vegas,NV,89170,West,jcalexander,9L*-O1U.9mSUSh
386158,F,melissa.king@comcast.net,2/24/1972,6:04:57 PM,45.45,55,1.68,166892,1%,277-17-9106,216-605-3731,New Matamoras,Washington,New Matamoras,OH,45767,Midwest,mqking,FE5i<e-Y}[4f78
301576,M,wayne.watson@gmail.com,6/26/1996,12:23:21 AM,21.1,87,0.02,92758,14%,011-94-6649,701-231-9370,Maida,Cavalier,Maida,ND,58255,Midwest,wgwatson,wM4J{]&j\-eGc
441771,F,cheryl.scott@gmail.com,2/23/1958,6:59:29 PM,59.47,47,26.69,92220,12%,596-94-2279,215-288-9345,Quecreek,Somerset,Quecreek,PA,15555,Northeast,coscott,Vbb+~2N|_yR
528509,F,paula.diaz@gmail.com,8/22/1966,8:11:15 PM,50.97,42,22.95,152654,8%,234-57-7671,252-531-7641,Beulaville,Duplin,Beulaville,NC,28518,South,pgdiaz,3Kg55luU
912990,M,joshua.stewart@yahoo.ca,5/18/1970,3:47:46 AM,47.23,68,14.91,184896,1%,755-07-3676,217-279-9342,New Douglas,Madison,New Douglas,IL,62074,Midwest,jtstewart,K?vi9BBznj
214352,F,theresa.lee@gmail.com,12/5/1992,9:20:52 AM,24.66,59,2.52,197537,1%,055-02-9969,319-553-8919,Toeterville,Mitchell,Toeterville,IA,50481,Midwest,tglee,JS#hN&Xij\%QEr
890290,F,julia.scott@apple.com,7/15/1959,9:24:39 PM,58.08,56,12.43,141518,3%,251-99-1941,423-939-1010,Primm Springs,Hickman,Primm Springs,TN,38476,South,jsscott,r.:Q7c^Tpb
622406,M,thomas.lewis@gmail.com,10/4/1967,8:28:14 PM,49.85,73,19.15,73862,3%,467-99-2604,314-679-3697,Dutchtown,Cape Girardeau,Dutchtown,MO,63745,Midwest,tqlewis,y;OJd_Oa#4g|!G
979607,F,carol.edwards@msn.com,12/14/1994,9:28:36 AM,22.64,56,1.26,93967,30%,316-35-9870,225-283-4295,Shreveport,Caddo,Shreveport,LA,71162,South,cjedwards,wi>v-a9gt
969580,M,matthew.turner@gmail.com,10/26/1993,1:37:48 AM,23.77,56,1.47,52237,9%,598-92-1988,236-972-7624,Heathsville,Northumberland,Heathsville,VA,22473,South,mlturner,I>tL>d[|lZdi_|^
426038,F,joan.stewart@yahoo.com,11/20/1972,11:14:04 AM,44.72,56,7.58,111673,12%,429-99-6443,216-637-6800,Middleport,Meigs,Middleport,OH,45760,Midwest,jcstewart,q@mq.U~D#1MPgZ
388642,F,ruby.rogers@gmail.com,5/1/1980,1:08:30 PM,37.27,59,3.91,160623,9%,236-55-0172,423-231-6507,Woodbury,Cannon,Woodbury,TN,37190,South,rrrogers,t>#P@D9s<:9\V
560455,F,carolyn.hayes@hotmail.co.uk,3/10/1958,12:52:37 PM,59.42,53,16.08,42005,14%,730-28-1350,239-882-8784,Saint Cloud,Osceola,Saint Cloud,FL,34771,South,cvhayes,NY!Y2sw.[_v-Q9{
477253,F,anne.russell@ibm.com,7/29/1989,2:57:12 AM,28.02,60,3.68,103160,29%,456-99-5619,605-635-1306,Stockholm,Grant,Stockholm,SD,57264,Midwest,alrussell,c8Nk&Y^~Vz!2
263480,M,daniel.cooper@yahoo.com,1/1/1990,7:24:56 PM,27.59,60,3.4,153790,13%,181-86-2024,701-510-8162,Manning,Dunn,Manning,ND,58642,Midwest,dkcooper,d8p{Pwx2fsW0-Z
683826,M,roger.roberts@gmail.com,7/7/1969,3:46:56 PM,48.09,77,8.5,129625,12%,120-98-6493,206-497-3141,Mount Vernon,Skagit,Mount Vernon,WA,98273,West,rlroberts,41:C_0ik|Jb0iTO
474599,F,maria.walker@microsoft.com,3/19/1975,11:07:50 PM,42.39,41,18.84,48944,21%,447-27-3175,423-668-5506,Lawrenceburg,Lawrence,Lawrenceburg,TN,38464,South,mwwalker,cw?%U}s{?
335732,F,brenda.butler@gmail.com,12/6/1963,3:15:30 AM,53.68,41,29.96,60508,29%,282-15-6434,480-814-8284,Mesa,Maricopa,Mesa,AZ,85208,West,bmbutler,u+CtpZ~gyR*>
329752,F,lillian.brown@aol.com,5/12/1981,12:00:55 AM,36.24,49,2.29,67251,22%,249-99-8821,239-812-9041,Panacea,Wakulla,Panacea,FL,32346,South,lxbrown,CG-M5~z:
893212,F,amy.howard@aol.com,6/16/1981,4:20:22 AM,36.14,52,14.17,112715,30%,686-24-2843,803-613-3168,Kline,Kline,Kline,SC,29814,South,abhoward,tNo::TEG
621833,M,gregory.edwards@outlook.com,8/31/1993,12:23:15 AM,23.92,64,1.83,169245,22%,010-94-6817,503-256-9654,Bonanza,Klamath,Bonanza,OR,97623,West,gxedwards,V^sVy*MO{
456747,M,roy.griffin@yahoo.com,5/8/1991,12:13:48 AM,26.24,62,4.93,170895,19%,358-08-7660,219-506-9378,Liberty,Union,Liberty,IN,47353,Midwest,rzgriffin,qm&h<b.NsKaZ
278556,M,richard.mitchell@verizon.net,7/28/1993,6:30:29 AM,24.02,81,0.94,122226,14%,013-94-5886,205-621-5884,Ohatchee,Calhoun,Ohatchee,AL,36271,South,rymitchell,RWeXJPOi:KpX<Rn
333476,F,mary.wilson@sbcglobal.net,12/1/1967,1:45:41 AM,49.69,54,25.62,109394,16%,198-84-0652,423-937-8660,Nashville,Davidson,Nashville,TN,37219,South,mpwilson,Pwl&W:|<_
218791,M,aaron.price@bp.com,2/10/1969,3:42:13 AM,48.49,56,20.08,54402,0%,491-29-5152,219-287-8926,Eckerty,Crawford,Eckerty,IN,47116,Midwest,anprice,uKxgV4uO&k@
134841,F,donna.brown@aol.com,9/14/1983,5:05:35 AM,33.89,57,4.03,129836,8%,544-81-5182,212-434-7910,Lima,Livingston,Lima,NY,14485,Northeast,drbrown,u?%QOo2ykK
726264,M,carl.collins@yahoo.com,12/22/1973,2:18:24 PM,43.63,90,10.14,162159,7%,544-81-6171,479-740-7633,Wright,Jefferson,Wright,AR,72182,South,cncollins,XinULSmjAFL/
766610,F,joyce.jenkins@aol.com,8/22/1961,2:54:56 AM,55.97,44,7.21,119321,13%,695-16-6506,262-455-4187,Ellsworth,Pierce,Ellsworth,WI,54011,Midwest,jejenkins,C5/iW3Ry#o{~elV
923947,F,mary.bryant@verizon.net,6/21/1962,12:02:11 AM,55.14,45,13.2,155442,4%,491-29-7461,319-827-3516,Conroy,Iowa,Conroy,IA,52220,Midwest,mgbryant,A[iR?Z1{
227922,F,amanda.hughes@rediffmail.com,7/29/1982,2:43:26 AM,35.02,40,10.28,114257,22%,311-35-2540,225-544-9700,Lake Charles,Calcasieu,Lake Charles,LA,70605,South,amhughes,B2N>J{_k7]F
265813,M,jack.campbell@gmail.com,1/4/1985,2:25:34 PM,32.58,50,10.01,186280,23%,047-15-1537,316-499-5737,Kalvesta,Kalvesta,Kalvesta,KS,67856,Midwest,jecampbell,rh\N>WRr4hl~l
247137,M,alan.rivera@apple.com,12/11/1978,9:46:54 PM,38.65,80,11.15,154810,12%,399-31-7149,423-277-6819,Knoxville,Knox,Knoxville,TN,37901,South,aerivera,rSuD~3HS*{S
407061,F,elizabeth.jackson@aol.com,8/15/1964,5:45:35 AM,52.99,56,12.53,85420,24%,660-24-4434,603-568-6118,Rochester,Strafford,Rochester,NH,3867,Northeast,eqjackson,EAHcnWsf6xMRwr]
226714,F,nancy.davis@ibm.com,11/14/1983,2:51:17 AM,33.73,52,4.93,94986,11%,224-99-5928,219-610-3067,Bowling Green,Clay,Bowling Green,IN,47833,Midwest,nldavis,bv-KfTutT?0*pm
702813,M,ernest.martinez@gmail.com,11/9/1989,10:28:03 PM,27.73,53,1.51,172098,8%,672-48-7749,479-951-4138,Uniontown,Crawford,Uniontown,AR,72955,South,edmartinez,qe?JNGBY{[\7;dD
524896,F,judy.hernandez@gmail.com,3/25/1961,5:49:46 AM,56.38,40,5.59,133332,30%,534-71-4481,316-736-6126,Topeka,Shawnee,Topeka,KS,66606,Midwest,jyhernandez,kiB:v!j&?D!&NYY
363065,F,nancy.jones@gmail.com,11/10/1993,3:06:00 AM,23.73,60,1.78,61924,4%,681-24-3165,212-825-1930,New York City,New York,New York City,NY,10087,Northeast,nljones,J}HJq/zVF-Aq2
879753,F,pamela.wright@aol.com,4/14/1996,3:43:43 AM,21.3,47,0.13,149262,9%,459-99-9201,307-329-8832,Banner,Sheridan,Banner,WY,82832,West,pxwright,3a*&[Y^pV\0!rU
958326,M,larry.miller@shell.com,10/31/1988,8:55:23 AM,28.76,75,0.43,97904,20%,207-84-9482,217-574-9283,East Saint Louis,St. Clair,East Saint Louis,IL,62201,Midwest,ltmiller,2WgF#:ew**x#
447813,F,ann.coleman@ibm.com,5/11/1989,9:46:13 PM,28.23,41,3.69,130014,12%,027-92-0557,319-994-4179,Hancock,Pottawattamie,Hancock,IA,51536,Midwest,aqcoleman,g2]GlvlL5
525955,F,judy.gonzales@gmail.com,6/17/1959,7:11:37 PM,58.15,51,25.58,149575,9%,029-92-2155,201-640-8645,Eatontown,Monmouth,Eatontown,NJ,7724,Northeast,jcgonzales,yDl}pfaWs{Hro6
818384,M,peter.washington@bp.com,11/6/1982,7:45:32 AM,34.75,70,7.67,173226,27%,039-74-8867,231-322-0316,Portage,Kalamazoo,Portage,MI,49024,Midwest,pxwashington,97%d^2rk41!E>*Q
971640,M,clarence.ross@apple.com,12/13/1960,7:34:07 PM,56.66,64,8.58,165272,9%,372-37-5315,423-772-0118,Oneida,Scott,Oneida,TN,37841,South,caross,h&jmac@+QD?B
253573,F,sharon.lopez@gmail.com,5/4/1991,6:24:30 AM,26.25,43,3.39,190139,21%,064-02-2589,304-934-5548,Bartley,McDowell,Bartley,WV,24813,South,selopez,GsP~S?FYY
904898,F,ann.cooper@exxonmobil.com,12/25/1992,3:01:52 AM,24.61,44,0.45,182521,30%,219-89-6310,406-278-6460,Arlee,Lake,Arlee,MT,59821,West,aqcooper,i_^#>]tFpt
515103,F,anne.perez@sbcglobal.net,5/5/1958,1:44:42 AM,59.27,48,14.01,114426,9%,594-99-9091,423-837-3338,Cookeville,Putnam,Cookeville,TN,38505,South,aaperez,y;n9A#}b
491943,F,nancy.howard@gmail.com,5/5/1961,9:17:37 PM,56.27,45,18.48,101553,25%,035-74-2732,236-973-8086,Saxe,Charlotte,Saxe,VA,23967,South,nphoward,OC\&tG&?c
750173,M,antonio.roberts@hotmail.com,8/27/1995,2:47:04 PM,21.93,82,0.24,181646,30%,281-15-7944,205-267-7304,Mc Calla,Jefferson,Mc Calla,AL,35111,South,arroberts,h>.g!B:VcNN
687017,F,frances.watson@outlook.com,1/30/1961,11:52:21 PM,56.53,42,6.94,46945,22%,305-37-1946,406-530-8069,Trego,Lincoln,Trego,MT,59934,West,fpwatson,rjV1$at!wq53a$
241882,F,debra.wood@hotmail.com,10/30/1969,6:58:21 AM,47.78,54,26.56,84318,19%,342-11-6695,308-646-6219,Blair,Washington,Blair,NE,68009,Midwest,dgwood,iO8B@*yA*mG6b9o
758872,M,henry.jenkins@hotmail.com,11/6/1984,2:58:05 PM,32.75,70,0.1,102384,11%,499-29-3125,314-731-7135,Riverside,Platte,Riverside,MO,64150,Midwest,hyjenkins,zPnRU5Bo
940922,F,melissa.butler@hotmail.com,11/14/1994,8:44:14 AM,22.72,55,0.47,167631,30%,301-15-9149,308-827-9016,Maxwell,Lincoln,Maxwell,NE,69151,Midwest,mxbutler,hY3BqUR>6F
917937,M,todd.hall@yahoo.com,8/31/1991,4:54:02 AM,25.93,74,1.22,163560,0%,633-31-1781,240-513-8668,Randallstown,Baltimore,Randallstown,MD,21133,South,thhall,Lgdb8q<0L@-/
917395,M,christopher.nelson@aol.com,3/29/1960,5:56:17 PM,57.37,62,19.73,190765,0%,120-98-6155,480-946-9780,Willow Beach,Mohave,Willow Beach,AZ,86445,West,cdnelson,QKae{1EP1A[SeX
183071,F,andrea.garcia@aol.com,7/6/1985,12:49:53 AM,32.08,52,7.28,54179,25%,213-91-6792,219-624-3708,Granger,St. Joseph,Granger,IN,46530,Midwest,apgarcia,eI!^kXR]Q^V+
316110,M,jeremy.sanchez@hotmail.com,2/5/1965,4:25:09 PM,52.51,52,11.33,178847,1%,474-55-8883,423-974-2755,Alcoa,Blount,Alcoa,TN,37701,South,jisanchez,Yg#Z+:CDwDV<*xZ
293459,M,steven.phillips@hotmail.com,9/12/1986,5:00:38 AM,30.9,58,2.34,90108,24%,578-53-9940,225-968-5952,Baton Rouge,East Baton Rouge,Baton Rouge,LA,70833,South,sjphillips,ht}X55$P&g1
732017,F,cynthia.ramirez@btinternet.com,9/22/1982,10:04:25 PM,34.87,47,8.44,90531,2%,355-08-4606,406-961-7340,Browning,Glacier,Browning,MT,59417,West,cjramirez,qP-#AhuNuz*Wb]
915638,M,jason.anderson@gmail.com,1/3/1974,6:47:06 PM,43.59,57,17.86,76636,19%,048-15-7937,217-856-6752,Hudson,McLean,Hudson,IL,61748,Midwest,jwanderson,a3Hlk+.V/TjD
478003,F,cynthia.white@gmail.com,6/15/1963,12:19:06 PM,54.16,60,13.41,186200,30%,364-39-4983,314-593-3092,Kansas City,Jackson,Kansas City,MO,64133,Midwest,cxwhite,mofyGR>.?Dwb4!
951225,F,margaret.brooks@gmail.com,6/27/1992,6:57:19 AM,25.1,56,0.92,43867,9%,057-02-6958,303-960-0117,Haswell,Kiowa,Haswell,CO,81045,West,mnbrooks,0*2k8uW&:{i{
883936,M,douglas.flores@gmail.com,4/21/1986,1:44:47 AM,31.29,61,7.88,181793,20%,324-11-6837,303-836-4721,Eckert,Delta,Eckert,CO,81418,West,diflores,9||FLq|0tU|9>v
528673,M,paul.watson@hotmail.com,3/9/1959,5:19:17 AM,58.43,60,22.1,145235,15%,286-15-9671,270-556-7711,Blue River,Floyd,Blue River,KY,41607,South,pvwatson,7q{iHhbgWZ7%
765850,F,linda.moore@gmail.com,8/18/1991,8:22:55 AM,25.96,40,0.2,113256,18%,286-15-5442,215-793-7095,Albion,Erie,Albion,PA,16401,Northeast,lrmoore,0jj}jl_r/VmJ;
262382,F,cheryl.miller@ntlworld.com,4/20/1985,5:42:38 PM,32.29,48,10,64143,3%,287-15-4772,270-880-3858,Bays,Breathitt,Bays,KY,41310,South,comiller,Nr-t/.^cWBO
870820,F,martha.washington@aol.com,3/28/1991,5:37:33 AM,26.35,54,0.4,116629,25%,416-67-0297,405-945-0242,Nardin,Kay,Nardin,OK,74646,South,mgwashington,ju$7I]eH8{-
806955,M,william.hernandez@rediffmail.com,7/22/1967,8:22:32 AM,50.05,50,17.36,73734,22%,629-31-9010,239-276-0532,Mary Esther,Okaloosa,Mary Esther,FL,32569,South,wghernandez,BRB3DFywgZZ4
325319,F,carolyn.price@yahoo.com,5/30/1976,1:24:46 AM,41.19,60,2.73,48736,2%,512-33-3410,217-409-4338,Wheaton,DuPage,Wheaton,IL,60189,Midwest,cfprice,K*$u@MAoH
623253,F,ruby.stewart@gmail.com,10/23/1968,12:02:38 AM,48.79,48,0.07,174774,7%,007-11-1727,218-445-2369,Margie,Koochiching,Margie,MN,56658,Midwest,rqstewart,C\RjCUPJd[Ld]
225925,M,paul.cooper@gmail.com,8/12/1991,11:14:26 PM,25.98,68,2.89,73526,27%,613-87-0084,210-984-4722,Glidden,Colorado,Glidden,TX,78943,South,pdcooper,hW%ZbJ\fZ-
761821,M,ernest.washington@msn.com,10/28/1984,11:37:48 AM,32.77,87,2.49,176675,15%,178-86-1878,212-596-1659,Saranac Lake,Franklin,Saranac Lake,NY,12983,Northeast,egwashington,B\Wb^6W-
400173,F,dorothy.edwards@hotmail.co.uk,1/19/1984,1:51:05 AM,33.55,57,3.58,179017,1%,543-81-2192,215-902-6888,Philadelphia,Philadelphia,Philadelphia,PA,19132,Northeast,dkedwards,VWEIm3YKm65|D
802554,M,ryan.alexander@shell.com,8/1/1993,6:26:20 PM,24.01,65,2.91,106628,24%,017-94-7572,225-395-3347,Jarreau,Pointe Coupee,Jarreau,LA,70749,South,rvalexander,3N3]VFZx?MaC{
476433,F,lillian.mitchell@shaw.ca,10/23/1974,6:40:13 PM,42.79,55,17.65,149878,3%,505-59-3960,316-876-1484,Wichita,Sedgwick,Wichita,KS,67214,Midwest,lnmitchell,Ty/b@+;f
533952,F,kelly.adams@bp.com,5/23/1975,1:54:27 PM,42.21,53,4.07,51878,15%,474-55-8101,405-418-0037,Meno,Major,Meno,OK,73760,South,kradams,OfK?#J|7&W\1T
623929,M,jimmy.howard@yahoo.com,11/27/1966,10:37:53 AM,50.7,87,9.63,120631,13%,610-87-0251,212-855-9316,Oriskany,Oneida,Oriskany,NY,13424,Northeast,jrhoward,0v+|SfA0Xv+Pf%
844177,F,margaret.allen@gmail.com,9/8/1981,10:10:26 PM,35.91,43,4.2,180107,22%,137-25-8468,216-697-6987,Richmond Dale,Ross,Richmond Dale,OH,45673,Midwest,mtallen,oC1OHlW%Sk@%6
212893,F,janet.henderson@ntlworld.com,12/24/1979,10:43:47 AM,37.62,60,4.61,114481,5%,018-94-7340,239-769-6347,Miami,Miami-Dade,Miami,FL,33166,South,jyhenderson,g-oCs-L/za
185032,M,eugene.perez@exxonmobil.com,10/6/1979,11:02:58 AM,37.84,59,2.64,122950,26%,192-86-6418,262-472-7112,Racine,Racine,Racine,WI,53490,Midwest,edperez,g]SJn<W_/#
867084,F,deborah.smith@yahoo.com,10/31/1977,8:14:09 PM,39.77,54,15.41,52767,28%,173-86-6203,907-279-8694,Atqasuk,North Slope,Atqasuk,AK,99791,West,desmith,C[WxHsB9
969964,F,janice.parker@yahoo.com,1/12/1980,8:38:06 AM,37.57,56,0.93,147641,25%,733-26-1976,314-842-5984,Whiteman Air Force Base,Johnson,Whiteman Air Force Base,MO,65305,Midwest,jsparker,8wUbWmuib
158666,F,rebecca.stewart@gmail.com,8/11/1961,11:08:01 PM,56,55,34.32,160043,9%,202-84-8294,209-233-7631,Independence,Inyo,Independence,CA,93526,West,rastewart,7ONuh3Zi^z#32r
489424,M,phillip.white@gmail.com,3/4/1978,11:45:07 PM,39.43,82,1.56,181774,7%,447-27-9469,503-668-6592,Mapleton,Lane,Mapleton,OR,97453,West,pfwhite,8<Mc.5]eu.*C8.
639892,M,jose.hill@hotmail.com,10/8/1994,5:23:39 AM,22.82,89,1.05,129774,15%,171-86-3825,228-245-5000,Biloxi,Harrison,Biloxi,MS,39532,South,jkhill,a_!SKb6h3?w*Mad
704709,M,harold.nelson@gmail.com,12/24/1984,9:00:17 PM,32.61,77,5.93,156194,0%,456-99-2066,217-555-9216,Carol Stream,Carol Stream,Carol Stream,IL,60351,Midwest,hznelson,z/-hEz3&^q5
461593,F,nicole.ward@yahoo.com,12/12/1964,7:12:20 AM,52.66,60,28.53,95673,12%,196-84-2551,231-761-7861,Detroit,Wayne,Detroit,MI,48278,Midwest,noward,AUe6s0@:@]A3Ze
392491,F,theresa.murphy@gmail.com,12/30/1987,5:56:10 AM,29.6,57,6.99,51015,11%,249-99-8801,907-356-1555,Mc Grath,Yukon-Koyukuk (CA),Mc Grath,AK,99627,West,trmurphy,V]PGw>4h9
495141,F,tammy.young@comcast.net,3/22/1979,10:26:52 PM,38.38,55,2.26,93650,7%,771-02-7046,231-290-3075,Alma,Gratiot,Alma,MI,48801,Midwest,tbyoung,d6!&xu12A1H^i![
